{
    "levels": [
        {
            "OrderId": 0,
            "MapId": 0,
            "PlayerData": {
                "Transform": {
                    "Position": {
                        "x": -0.4999980926513672,
                        "y": 0.10999999940395355,
                        "z": -11.800003051757813
                    },
                    "Rotation": {
                        "x": 0.0,
                        "y": 0.0,
                        "z": 0.0,
                        "w": 1.0
                    },
                    "LocalScale": {
                        "x": 1.0,
                        "y": 1.0,
                        "z": 1.0
                    }
                }
            },
            "listEnemy": [
                {
                    "Transform": {
                        "Position": {
                            "x": -0.27000001072883608,
                            "y": 0.0,
                            "z": -6.320000171661377
                        },
                        "Rotation": {
                            "x": 0.0,
                            "y": 0.0,
                            "z": 0.0,
                            "w": 1.0
                        },
                        "LocalScale": {
                            "x": 1.0,
                            "y": 1.0,
                            "z": 1.0
                        }
                    },
                    "Type": 0
                }
            ],
            "listObstacle": [
                {
                    "Transform": {
                        "Position": {
                            "x": -0.6940000057220459,
                            "y": 0.2409999966621399,
                            "z": -11.3100004196167
                        },
                        "Rotation": {
                            "x": 0.47833728790283205,
                            "y": -0.5719125270843506,
                            "z": -0.42754778265953066,
                            "w": 0.5111872553825378
                        },
                        "LocalScale": {
                            "x": 0.08999999612569809,
                            "y": -0.06000000610947609,
                            "z": 0.30000001192092898
                        }
                    },
                    "Type": 0
                }
            ]
        }
    ]
}