{
    "levels": [
        {
            "OrderId": 0,
            "MapId": 0,
            "listEnemy": [
                {
                    "Transform": {
                        "Position": {
                            "x": 0.44699999690055849,
                            "y": 0.0,
                            "z": -2.4000000953674318
                        },
                        "Rotation": {
                            "x": 0.0,
                            "y": 0.0,
                            "z": 0.0,
                            "w": 1.0
                        },
                        "LocalScale": {
                            "x": 1.0,
                            "y": 1.0,
                            "z": 1.0
                        }
                    },
                    "Type": 0
                },
                {
                    "Transform": {
                        "Position": {
                            "x": -1.0149999856948853,
                            "y": 0.0,
                            "z": -2.4000000953674318
                        },
                        "Rotation": {
                            "x": 0.0,
                            "y": 0.0,
                            "z": 0.0,
                            "w": 1.0
                        },
                        "LocalScale": {
                            "x": 1.0,
                            "y": 1.0,
                            "z": 1.0
                        }
                    },
                    "Type": 0
                },
                {
                    "Transform": {
                        "Position": {
                            "x": -0.2720000147819519,
                            "y": 0.0,
                            "z": -3.2309999465942385
                        },
                        "Rotation": {
                            "x": 0.0,
                            "y": 0.0,
                            "z": 0.0,
                            "w": 1.0
                        },
                        "LocalScale": {
                            "x": 1.0,
                            "y": 1.0,
                            "z": 1.0
                        }
                    },
                    "Type": 0
                }
            ],
            "PlayerData": {
                "Transform": {
                    "Position": {
                        "x": -0.4999980926513672,
                        "y": 0.10999999940395355,
                        "z": -11.800003051757813
                    },
                    "Rotation": {
                        "x": 0.0,
                        "y": 0.0,
                        "z": 0.0,
                        "w": 1.0
                    },
                    "LocalScale": {
                        "x": 1.0,
                        "y": 1.0,
                        "z": 1.0
                    }
                }
            }
        }
    ]
}