{
    "levels": [
        {
            "OrderId": 0,
            "MapId": 0,
            "PlayerData": {
                "Transform": {
                    "Position": {
                        "x": -0.4999980926513672,
                        "y": 0.10999999940395355,
                        "z": -11.800003051757813
                    },
                    "Rotation": {
                        "x": 0.0,
                        "y": 0.0,
                        "z": 0.0,
                        "w": 1.0
                    },
                    "LocalScale": {
                        "x": 1.0,
                        "y": 1.0,
                        "z": 1.0
                    }
                }
            },
            "listEnemy": [
                {
                    "Transform": {
                        "Position": {
                            "x": -0.257999986410141,
                            "y": 0.0,
                            "z": -8.286999702453614
                        },
                        "Rotation": {
                            "x": 0.0,
                            "y": 0.0,
                            "z": 0.0,
                            "w": 1.0
                        },
                        "LocalScale": {
                            "x": 1.0,
                            "y": 1.0,
                            "z": 1.0
                        }
                    },
                    "Type": 0
                }
            ],
            "listObstacle": [
                {
                    "Transform": {
                        "Position": {
                            "x": -0.6940000057220459,
                            "y": 0.2409999966621399,
                            "z": -11.3100004196167
                        },
                        "Rotation": {
                            "x": 0.47833728790283205,
                            "y": -0.5719125270843506,
                            "z": -0.42754778265953066,
                            "w": 0.5111872553825378
                        },
                        "LocalScale": {
                            "x": 0.08999999612569809,
                            "y": -0.06000000610947609,
                            "z": 0.30000001192092898
                        }
                    },
                    "Type": 0
                }
            ]
        },
        {
            "OrderId": 1,
            "MapId": 0,
            "PlayerData": {
                "Transform": {
                    "Position": {
                        "x": -4.741000175476074,
                        "y": 0.10999999940395355,
                        "z": 8.857000350952149
                    },
                    "Rotation": {
                        "x": 0.0,
                        "y": 0.7071068286895752,
                        "z": 0.0,
                        "w": 0.7071068286895752
                    },
                    "LocalScale": {
                        "x": 1.0,
                        "y": 1.0,
                        "z": 1.0
                    }
                }
            },
            "listEnemy": [
                {
                    "Transform": {
                        "Position": {
                            "x": 0.0,
                            "y": 0.02199077606201172,
                            "z": 7.914205551147461
                        },
                        "Rotation": {
                            "x": 0.0,
                            "y": 1.0,
                            "z": 0.0,
                            "w": 0.0
                        },
                        "LocalScale": {
                            "x": 1.0,
                            "y": 1.0,
                            "z": 1.0
                        }
                    },
                    "Type": 1
                },
                {
                    "Transform": {
                        "Position": {
                            "x": 0.0,
                            "y": 0.021991729736328126,
                            "z": 9.365497589111329
                        },
                        "Rotation": {
                            "x": 0.0,
                            "y": 0.6427875757217407,
                            "z": 0.0,
                            "w": 0.7660444974899292
                        },
                        "LocalScale": {
                            "x": 1.0,
                            "y": 1.0,
                            "z": 1.0
                        }
                    },
                    "Type": 2
                }
            ],
            "listObstacle": [
                {
                    "Transform": {
                        "Position": {
                            "x": -4.2179999351501469,
                            "y": 0.20000000298023225,
                            "z": 9.116121292114258
                        },
                        "Rotation": {
                            "x": 0.0,
                            "y": 0.0,
                            "z": -0.6415634155273438,
                            "w": 0.7670699954032898
                        },
                        "LocalScale": {
                            "x": 0.08999999612569809,
                            "y": -0.05999999865889549,
                            "z": 0.29999998211860659
                        }
                    },
                    "Type": 0
                }
            ]
        }
    ]
}